"အိပ်နေရင်ညနိုးနေရင်နေ့",638.9 kB,638863
"လူနာဆောင်အမှတ်ခြောက်",503.0 kB,503047
"စိတ်တ္တရလေခါ",659.6 kB,659555
"ကျွန်းဦးတည့်သန်လျက်ခုံ",1.4 MB,1440731
"ဘာကြီးလဲ",1.9 MB,1944988
"ရနောင်မောင်မောင်တုတ်",870.0 kB,869995
"လူပျိုအပျိုဖတ်စာ",385.3 kB,385272
"ပိုချစ်ရတဲ့သူကိုယ်ဖြစ်ပါစေ",574.8 kB,574840
"အမှန်တရား၏ဒဏ်ခတ်မှု့၌ပျော်မွေ့တတ်သော",388.5 kB,388465
"လူပျိုမှိုတက်",1.8 MB,1826300
"LadyShoes",512.4 kB,512419
"ဘာလဲဟဲ့လူ့ငရဲ",2.0 MB,1994799
"ကမ္မဖလ",2.1 MB,2098951
"ဖောရက်စ်ဂမ့်",1.8 MB,1770810
"အညာပြန်",421.5 kB,421506
"ဝတ္ထုတိုများစုစည်းမှု့",727.4 kB,727374
"မမ",1.4 MB,1366137
"ဇင်ဘာဘွေ",1.7 MB,1735527
"ကော်ဖီနှင့်ကိတ်တို့၏နှစ်တစ်နှစ်",61.9 kB,61877
"ကြောက်စိတ်နှင့်သင့်ဘဝမျက်နှာဖုံးဆောင်းပါးများ",176.4 kB,176440
"မိမိအရေပြားမှလမ်းလျှောက်ထွက်ခြင်း",115.7 kB,115675
"လက်ဗွေနီနီ",1.4 kB,1407
"မိမော်မေမ-မောင့်ချစ်သဲဦး",19.5 MB,19500105
"သမထနှင့်ဝိပဿနာ",872.2 kB,872173
"မေတ္တသုတ်အနှစ်ချုပ်",1.0 MB,1045935
"မြတ်ဗုဒ္ဓဒေသနာနှင့်ယနေ့ကမ္ဘာ",1.5 MB,1484289
"ဘဝခရီးဝယ်ရွေးချယ်ရမဲ့လမ်း",2.1 MB,2117972
"စိတ်၏အညစ်အကြေးများကိုဖယ်ရှားခြင်း",1.0 MB,1024509
"မိတ္တဗလဋီကာ",439.3 kB,439253
"စစ်နှင့်ငြိမ်းချမ်းရေး(ဒုတိယတွဲ)",1.6 MB,1611533
"စစ်နှင့်ငြိမ်းချမ်းရေး(ပထမတွဲ)",1.6 MB,1628158
"ပလေတိုနိဒါန်း",586.8 kB,586769
"ရေနံ့သာခင်ခင်ကြီး",1.1 MB,1076137
"ပန်းခေတ်ကလမင်း",1.8 MB,1772940
"ကာလာမသုတ်အနှစ်ချုပ်",83.6 kB,83594
"Exiles",2.4 MB,2363660
"မူကွဲလမ်းဆုံ(AlternateCrossroad)",1.3 MB,1251227
"ဝိဉာဉ်တေးသွားSoulMelody",882.6 kB,882641
"Sátántangó",2.1 MB,2096692
"အိုက်ခ်မန်းစစ်ဆင်ရေး",1.5 MB,1515869
"သရဖူ",304.4 kB,304400
"ဆယ့်နှစ်ကြိုးဝတ္ထုတိုများ",379.9 kB,379912
"ဆားပုလင်းနှင်းမောင်နှင့်တပွဲစားဦးနှော",474.7 kB,474653
"အရိပ်မဲ့ရုပ်ပုံလွှာ",342.9 kB,342913
"အကျဉ်းစံမိန်းမများ",341.1 kB,341122
"တောကျီးကန်းဝတ္ထုတိုများ",342.9 kB,342913
"ခေတ်ပြိုင်တို့၏သတို့သမီး",1.2 MB,1161533
"တောသားကြီး",388.5 kB,388496
"ကျောင်းတွင်းဒီမိုကရေစီ",317.3 kB,317266
"လူနှင့်သူတို့၏ဟာသများ",315.9 kB,315941
"ဗုဒ္ဓ၏လူမှု့ရေးတရားတော်များ",551.0 kB,550967
"လွယ်အိတ်ထဲကအလွဲများ",1.1 MB,1053370
"တာတေစနေသား",690.3 kB,690340
"စူစီဝေါင်း",635.1 kB,635064
"နှစ်လောက",700.5 kB,700454
"သေသော်မှတည့်သြော်ကောင်း၏",470.8 kB,470823
"ဖန်ပုလင်းထဲကအသည်းကွဲပုစဉ်းပျံ",513.3 kB,513322
"မဒ္ဒီလိုလိုသမ္ဘူလိုလို",503.7 kB,503708
"စွန်းလွန်းဥပနိသျည်း",1.4 kB,1407
"ကိုယ်တိုင်သိရှိသွားမှု",473.9 kB,473861
"နွားတထောင်",355.4 kB,355434
"စောလမုန်သိုက်",329.7 kB,329678
"လွမ်းဆွတ်ဖွယ်ဆောင်း",437.2 kB,437246
"ပြုံး၍လည်းကန်တော့ခံတော်မူပါရယ်၍လည်းကန်တော့ခံတော်မူပါ",416.9 kB,416926
"ငြိမ်းကိုရှက်ပါ",375.6 kB,375638
"ပြန်ခေါ်သက်သေ",443.9 kB,443937
"မြင်းကပါအကျဥ်းသား",200.1 kB,200098
"ငယ်ဘဝ",512.6 kB,512554
"လမင်းကြီးသာစမ်းပါ",454.8 kB,454777
"ပဉ္စမမြောက်ဆောင်းရက်များ",357.5 kB,357456
"တိမ်နဲ့ဖုံးပါလို့လမသာ",499.5 kB,499527
"ပန်းကျောင်း",351.3 kB,351325
"သွေးစုပ်မြေ",473.9 kB,473861
"အဖြူ",543.0 kB,543031
"ဆားပုလင်းနှင်းမောင်နှင့်ပျားစွဲသောမုတ်ဆိတ်",480.8 kB,480832
"နေထွက်ဘုရင်မ",490.2 kB,490176
"မြောက်ဖျားကအလွမ်းရာသီ",627.0 kB,626961
"အက်ဂါကေစီနှင့်တမလွန်ဖြစ်ရပ်ဆန်းများ",652.6 kB,652626
"ဟော်မုန်းပင်နှင့်ထူးထူးခြားခြားဝတ္ထုတိုများ",410.2 kB,410188
"အိပ်ဇိုးဒပ်",694.7 kB,694735
"ဆားပုလင်းနှင်းမောင်နှင့်မြိုင်မဟာမမြလေး",480.1 kB,480146
"တပြည်သူမရွှေထား",471.3 kB,471317
"ထောင်အတွင်းမှပရလောကသားများ",682.4 kB,682387
"ဆားပုလင်းနှင်းမောင်နှင့်မိုးပေါ်မှာကြယ်တစ်လုံး",638.9 kB,638912
"သူ့ကျွန်မခံပြီ",437.7 kB,437707
"ညီမလေးရယ်စိုးရိမ်မိတယ်",527.0 kB,527029
"အနောက်တောင်အရပ်မှလာခဲ့သူ",639.2 kB,639183
"မေတ္တာမီးအိမ်",442.7 kB,442746
"မျိုးရိုးထဲကဆိုးပေကြီးများ",424.2 kB,424214
"သူငယ်ချင်းလို့ပဲဆက်၍ခေါ်မည်ခိုင်",635.6 kB,635611
"နှင်းငွေတတောင့်မိုးတမှောင့်",472.3 kB,472340
"မော့ဆက်",403.4 kB,403402
"မဟူရာအကျဉ်းထောင်",419.7 kB,419726
"ပြောက်ကျားစစ်ချေဂွေဗားရား",2.0 MB,1974264
"နှစ်ဆယ့်ရှစ်နှစ်ရှိပြီဖြစ်တဲ့မိန်းမတစ်ယောက်",443.2 kB,443228
"အင်ဖာတိုက်ပွဲ",471.4 kB,471424
"စိမ်းနေဦးမည့်ကျွန်တော့်မြေ",516.9 kB,516869
"ပျားရည်အိုင်",484.7 kB,484736
"AVA1740s",416.0 kB,415992
"သုခမြို့တော်",734.5 kB,734452
"တတိယမျက်လုံး",646.7 kB,646651
"ငဘ",119.0 kB,118986
"ဆန်းကြယ်မုဆိုးဝတ္တုတိုများ",306.0 kB,305984
"GenderLine2081",1.8 MB,1832360
"ဟယ်ရီပေါ်တာနှင့်မှော်ဝင်ရတနာ",1.3 MB,1322914
"အမှတ်တရ",1.4 MB,1398795
"ပျောက်သောလမ်းမှာစမ်းတဝါး",1.1 MB,1128228
"ငယ်သူမို့မသိပါ",442.1 kB,442128
"အသက်ဓါတ်",1.4 kB,1407
"ဟယ်ရီပေါ်တာနှင့်ပြဒါးရှင်လုံး",512.8 kB,512772
"ချစ်သူလား...စံကားတစ်ပွင့်ပွင့်ခဲ့တယ်",1.8 MB,1795558
"ကမ္ဘာပတ်လည်ရက်ရှစ်ဆယ်",673.7 kB,673658
"တစ်ကျွန်းစံ၏အပြန်လမ်း",1.2 MB,1221310
"အာရတ်-အစ္စရေး၆ရက်စစ်ပွဲ",7.5 MB,7544374
"သူခိုး",299.0 kB,299026
"ရတနာရေအိုင်",1.4 kB,1407
"ရွှေတိုက်စိုး",1.4 kB,1407
"ရွှေပြည်တော်‌မျှော်တိုင်း‌​ဝေး",1.4 kB,1407
"ရှင်စောပု",1.4 kB,1407
"ရေပွက်ပမာ",1.4 kB,1407
"ရော်ဘင်ဆင်ကရူးဆိုး",1.4 kB,1407
"ညီတော်အာနန္ဒာ၏တစ်သက်တာမှတ်တမ်း",1.4 kB,1407
"နေမင်းတစ်ထောင်(စတုတ္ထုတွဲ)",617.9 kB,617889
"နေမင်းတစ်ထောင်(တတိယတွဲ)",560.5 kB,560513
"နေမင်းတစ်ထောင်(ဒုတိယတွဲ)",1.3 MB,1338856
"နေမင်းတစ်ထောင်(ပထမတွဲ)",2.1 MB,2086106
"မိန်းမတစ်ယောက်ရဲ့ဖွင့်ဟဝန်ခံချက်",1.4 kB,1407
"ရဲတိုက်",1.4 kB,1407
"အဝါရောင်နှင်းဆီပန်းပွင့်များ",1.4 kB,1407
"အင်္ဂါဂြိုလ်သား",1.4 kB,1407
"အမွေ",1.4 kB,1407
"ညီမလေးကအချစ်ကိုကိုးကွယ်သတဲ့လား",478.5 kB,478467
"ခေါင်းလောင်းထိုးသောဝတ္ထုတိုများ",338.8 kB,338766
"အများနှင့်မသက်ဆိုင်သောသူ",316.1 kB,316079
"အစိမ်းရင့်ရောင်နေ့စွဲများ",1.4 kB,1407
"အိုဘယ့်နော်ရထာ",1.4 kB,1407
"အလံမထူသောလက်များ",283.6 kB,283561
"အီဂျစ်ဘုရင်မာယာရှင်",683.3 kB,683268
"သွေး",306.4 kB,306392
"ကျော်စွာ၁၀၀",1.3 MB,1264189
"ဘဝနေနည်းအနုပညာ",565.1 kB,565080
"ဘဝမုန်တိုင်းနှင်းမုန်တိုင်း",872.7 kB,872695
"သူမ",417.1 kB,417142
"ဤလူ့ပြည်",1.4 kB,1407
"ဥတ္တရအလင်း",1.4 kB,1407
"ဦးနှောက်တွင်ရင်းနှီးမြှုပ်နှံပါ",1.4 kB,1407
"ဧကရီဖွားစော",1.4 kB,1407
"မှောင်မိုက်မှာငို",1.4 kB,1407
"မွှေး",1.4 kB,1407
"မြန်မာပြည်သား",507.8 kB,507834
"စာရိတ္တမာန",1.4 kB,1407
"ငါ့အလင်းတံခါးမှာဖယောင်းတိုင်ထွန်းထားတယ်",1.4 kB,1407
"ငယ်မူပြန်အချစ်ဟာသဝတ္ထုတိုများ",1.4 kB,1407
"ခေတ်သစ်ရာဇဝင်",1.4 kB,1407
"အနိုင်မခံ",660.1 kB,660088
"ဘေဘီလုံမှာအချမ်းသာဆုံးပုဂ္ဂိုလ်",427.5 kB,427464
"မိုးနဲ့မြေ",194.7 kB,194711
"အသွင်သဏ္ဌာန်တို့၏နောက်ကွယ်၌",600.4 kB,600407
"မိုးနဲ့အတူ",198.1 kB,198110
"မိတ်ကောင်းဆွေကောင်းနှင့်ခရီးသွားခြင်း",2.4 MB,2363717
"စဉ်းစားစရာလေးတွေ",643.4 kB,643410
"အကြွေး",1.4 kB,1407
"မှန်ကန်သောစကားကိုဆိုခြင်းနှင့်ပက်သက်သောမှတ်ချက်များ",291.3 kB,291336
"အိုဘယ့်အစိမ်းတို့မြေ",885.5 kB,885535
"ရာမ",1.4 kB,1407
"မလေးမဏိစန္ဒာရဲ့‌နှောင်း",1.4 kB,1407
"ချစ်သူမင်းနန္ဒာ",1.4 kB,1407
"ပန်းကြာဝတ်မှုံ",1.4 kB,1407
"ကာလီဒေဝီ",1.4 kB,1407
"ကြောက်ရွံ့ခြင်းမှလွတ်ကင်းရေး",1.4 kB,1407
"အသပြာလုလင်",1.4 kB,1407
"သူတို့ပျော်ကြလေပြီ",1.4 kB,1407
"သူငယ်ချင်းတစ်ယောက်အကြောင်း",367.6 kB,367595
"သုံးနားညီ",1.4 kB,1407
"မင်းမဆိုးပါဘူး",1.4 kB,1407
"ငိုအားနှင့်ရယ်အား",1.4 kB,1407
"ဂန္တဝင်အိပ်မက်",1.4 kB,1407
"ဂျီဟောသူ",375.4 kB,375423
"ကွက်လပ်ကလေးဖြည့်ပေးပါ",1.4 kB,1407
"ကလေးရဟန္တာများ",1.4 kB,1407
"ကြောက်စရာ့ရောမ",1.4 kB,1407
"ကျွန်မင်းသား",1.4 kB,1407
"ကျွန်တော့်ဘဝဇာတ်ကြောင်း",1.4 kB,1407
"ကမ္ဘာကိုကိုင်လှုပ်သူ",1.4 kB,1407
"ကန္တာရစမ်းရေအိုင်",1.4 kB,1407
"TheGuysfromMandalay1950s",809.7 kB,809671
"NewGovNewCash",1.4 kB,1407
"LemonLayout",1.4 kB,1407
"၅၅၀ဇာတ်ပင်လယ်",1.4 kB,1407
"ငါ့ဘဝငါသာသခင်ငါသာဘုရင်",371.8 kB,371795
"ရွှေအမြုတေလက်ရွေးစင်ဝတ္ထုရှည်စုစည်းမှု-၄",1.4 kB,1407
"အမှတ်တရရွှေ၆၀",520.1 kB,520079
"ရူပနန္ဒီရူပကလျာဏီ",4.8 MB,4783640
"ချေဂွေဗားရား",924.1 kB,924064
"မဲခေါင်ကျော်စွာ",438.3 kB,438338
"သုခအစစ်နှင့်သုခအတု",1.4 kB,1407
"သိဒ္ဓတ္ထ",1.4 kB,1407
"မဟာယောဂီ",1.4 kB,1407
"ပုဂံခရီးသည်",1.1 MB,1128683
"ဒဏ်ရာရလိပ်ပြာအထူးကု",32.2 kB,32192
"ပထမ",1.4 kB,1407
"တစ်ထောင့်တစ်ညပြောရသောပသီပုံပြင်ဝတ္ထုကြီး",1.4 kB,1407
"ပုလဲဒေဝီ",1.4 kB,1407
"မန်းလေးသူမန်းလေးသားများ",1.4 kB,1407
"သမိုင်းထဲကမြန်မာပြည်သား",1.4 kB,1407
"လူပါးဝတယ်",638.3 kB,638332
"သပိိတ်မှောက်ကျောင်းသား",1.4 kB,1407
"သတ္တဝါတို့၏သံသရာ",1.4 kB,1407
"ဤလောကမြေမဟီဝယ်",452.5 kB,452532
"အုတ်ကြားမြက်",1.1 MB,1121694
"ပန်းများကိုပွင့်စေသူ",1.4 kB,1407
"ငှက်ကလေး",262.0 kB,261973
"အရှေ့လေတိုက်သောအခါ",542.2 kB,542227
"ပြိုင်မြင်းတို့ရဲ့ခွါသံ",3.7 MB,3698500
"ဘုန်းမောင့်တစ်ယောက်တည်းရယ်",611.6 kB,611570
"ကံကောင်း",1.0 MB,1012618
"စနေမောင်မောင်ပါဝင်သည့်မဟူရာ",799.3 kB,799304
"မြိုင်ဟေဝန်",6.0 MB,5982140
"သေပြေးရှင်ပြေး",387.8 kB,387826
"ကံတူအကျိုးပေး",2.1 MB,2102325
"ဆင်ကုန်သည်",1.4 kB,1407
"ကာမင်း",342.4 kB,342375
"အတ္တလန်တစ်ရှာပုံတော်",490.4 kB,490365
"အသိုက်ကိုက်",555.1 kB,555140
"အချစ်မိုးကောင်းကင်",1.2 MB,1188562
"အကြင်သူသည်",776.1 kB,776080
"နှစ်တစ်ရာကမ္ဘာ့စုံထောက်ဝတ္ထုတိုများ",1.2 MB,1165926
"အံ့သြဖွယ်ရာကျွန်းဒီပါ",307.0 kB,306991
"ဒိုင်းခင်ခင်",2.7 MB,2711481
"ပန်းထွာဘုရင်မ",2.4 MB,2361110
"တင်မောင်ဆွေနှင့်ကေသီမြိုင်",687.7 kB,687699
"တင်မောင်ဆွေနှင့်နဂါးလက်သည်း",337.0 kB,337030
"စွန့်ဝံ့သူ",431.0 kB,430990
"ဟူးကောင်းတောင်ကြား",410.0 kB,410046
"တို့ရွာကမဏိစန္ဒာ",9.3 MB,9271965
"မာယာဘုံ",540.0 kB,540025
"စုံထောက်မောင်လူကလေးနှင့်တစ်ကျွန်းစံ",230.8 kB,230838
"အမှောင်ရိပ်ဝယ်",287.7 kB,287674
"အာဖရိကဧကရီ",692.2 kB,692206
"ဦးမိုးသီးနှင့်စိတ်စွမ်းအင်",355.3 kB,355343
"သင်္ဘောသား၏ဂန္တဝင်ကလဲ့စား",541.0 kB,540959
"ကီနဝါရဲတိုက်ကြီး",752.8 kB,752832
"ပန်းပန်မှနန်းဆန်တော့မည်",1.8 MB,1765465
"ဝံပုလွေများနှင့်ကခုန်သူ",1.6 MB,1588579
"ပျားတစ်စက်",788.9 kB,788917
"မင်းမှာသစ္စာလူမှာကတိ",1.0 MB,1049721
"နီနီလေး",410.4 kB,410402
"ရုပ်ထုကျိန်စာ",511.1 kB,511067
"ချစ်သောသွေးဧကရီ",524.0 kB,524007
"လမ်းနှစ်သွယ်",393.1 kB,393126
"အရှေ့ကနေဝန်းထွက်သည့်ပမာ",1.3 MB,1320718
"အချစ်",125.1 kB,125101
"မသိန်းရှင်ဆီပို့ပေးပါ",425.5 kB,425549
"သပိတ်မှောက်ကျောင်းသား(ဒုတိယတွဲ)",1.3 MB,1312974
"သပိတ်မှောက်ကျောင်းသား(ပထမတွဲ)",1.3 MB,1326349
"မောင်၊ကိုကိုနှင့်မြနန္ဒာ",612.0 kB,611995
"ယောနသံဇင်ယော်",1.4 kB,1407
"လူလေးသို့ပေးစာများ",1.1 MB,1069399
"ချစ်သောယွန်းခင်ခင်",2.1 MB,2146448
"ကျွန်တော်ဆက်၍ရေးချင်သောဝတ္ထုများ",1.2 MB,1173459
"ကမ္ဘာမြေကြီးသည်နတ်ဥယျာဉ်မဟုတ်",1.0 MB,1038722
"တောလား",1.4 kB,1407
"ဂန္တဝင်မမ",1.4 kB,1407
"ရေမြေခြားသော်လည်း",1.4 kB,1407
"ဗိုလ်နေဝင်းဇာတ်လမ်းရှုပ်သမျှ",298.9 kB,298884
"မျှော်တလင့်လင့်",212.5 kB,212502
"ဒေါ်အောင်ဆန်းစုကြည်အတွက်စာတစ်စောင်",4.1 MB,4080564
"အေးအေးလူလူအတွေးများ",359.0 kB,358951
"မြို့ပြပိုးမွှားများ",285.7 kB,285658
"ပြတင်းပေါက်",90.4 kB,90437
"သူမသာမျောက်တစ်ကောင်ဖြစ်သွားတယ်ဆိုပါစို့",213.4 kB,213402
"စာပေါင်းသိုက်အက်ဆေးများ",259.7 kB,259716
"ကမ္ဘာကုန်ကျယ်သ၍ဝယ်",675.3 kB,675284
"ပါရီကျဆုံးခန်း",1.9 MB,1865810
"အလွမ်းသစ်",387.6 kB,387552
"ချစ်သောပန်းကလေး",1.4 kB,1407
"အက်ဆေးချစ်သူ",1.4 kB,1407
"ကံ့ကော်နီ",1.4 kB,1407
"ငရဲဆိုချိုနဲ့လားဗျို့",303.4 kB,303352
"ကာမတဏှာ",518.8 kB,518752
"ပန်းကြွေပွင့်ပုံပြင်",362.0 kB,361954
"နွေကန္တာဦး",344.5 kB,344499
"တစ်ကွေ့တော့တွေ့ကြဦးမည်",17.0 MB,17019270
"အလုပ်နဲ့ဘဝကိုတည်ဆောက်ခြင်း",422.6 kB,422627
"ဗုဒ္ဓနှင့်ဗုဒ္ဓဝါဒ",1.6 MB,1576044
"လေရူးသုန်သုန်",1.9 MB,1862782
"စိတ်အဆင့်ဆင့်မြင့်တက်ခြင်းသဘာဝ",283.2 kB,283195
"Facebookပေါ်မှစာစုများ",1.4 kB,1407
"ငါ့ဒိန်ခဲကိုဘယ်သူနေရာရွှေ့ထားလဲ",107.8 kB,107832
"လူတိုင်းအတွက်ပဋ္ဌာန်း",873.4 kB,873396
"ရတနာသုံးပါးကိုကိုးကွယ်ဆည်းကပ်လာသူတစ်ယောက်အကြောင်း",1.4 MB,1392649
"အညာသူအညာသားကျွန်မဆွေမျိုးများ",2.5 MB,2472260
"မအိမ်ကံ",894.6 kB,894593
"ပန်းကြာဝတ်မှုန်",2.7 MB,2727341
"ဆူးပန်းခွေ",1.0 MB,1021929
"ခမည်းကြိုး",873.0 kB,872993
"ကြာဆစ်ကြိုး",2.6 MB,2641031
"နှလုံးလှသံတမန်",1.4 kB,1407
"အကျဉ်းစံ",1.4 kB,1407
"တိမ်နဲ့ချည်တဲ့ကြိုး",1.0 MB,1006364
"သန်းခေါင်ယံလွတ်လပ်ရေး",3.7 MB,3744730
"သိုင်းလောက၏စိန်ခေါ်သံ",1.9 MB,1928739
"လွမ်းလို့သေသွားတဲ့သစ်ပင်",1.2 MB,1229656
"ကျောက်ဆစ်နှင်းဆီဝင်ရိုးစွန်း",1.6 MB,1559089
"လေယာဉ်ပြန်ပေးနှင့်အစ္စရေးဓားစာခံ",1.4 kB,1407
"အဖြူကိုချစ်သောအမည်းအမည်းကိုချစ်သောအဖြူ",481.8 kB,481817
"ရှန်ဂရီလာ",1.4 kB,1407
"မင်းဒင်ရဲ့သက်ခိုင်",1.4 kB,1407
"ပါပီလွန်နဲ့ဗင်ဂို",1.4 kB,1407
"စုန်းကိုက်ခံရတဲ့သစ်သီး",307.3 kB,307325
"ကျွန်တော်နှင့်နတ်ဘုရားရုပ်တု",1.2 MB,1184580
"ကျွန်တော်တူးဖော်ခဲ့သည့်မြေစိုင်မြေခဲများအကြောင်း",2.0 MB,1998622
"ကျောက်စိမ်းမြေ",30.7 MB,30673673
"တွေးသူများ",1.4 kB,1407
"အောက်ခြေသန်းတစ်ထောင်",1.4 kB,1407
"ကဗျာများ",506.9 kB,506916
"ပင်လယ်ဝံပုလွေ",576.0 kB,576013
"မျက်မမြင်မာလိန်မှူး",1.4 kB,1407
"ရတနာဂီရိအကျဉ်းသား",1.4 kB,1407
"မဟာသေနာပတိ",1.4 kB,1407
"နှင်းကေသရာချစ်တဲ့သူရဲကောင်း",709.3 kB,709281
"ကောသမ္ဗီ",1.4 kB,1407
"စတီဖင်ဟော့ကင်းအက်ဆေးများ",1.4 kB,1407
"မီ",310.9 kB,310851
"နွမ်းလျအိမ်အပြန်",378.4 kB,378437
"နေဝင်ဘုရင်များ",1.4 kB,1407
"လွမ်းမောခဲ့ရသောတက္ကသိုလ်နွေညများ",1.1 MB,1069399
"ဓားတောင်ကိုကျော်၍မီးပင်လယ်ကိုဖြတ်မည်",751.4 kB,751432
"ဒေဝတာမြို့တော်",1.4 kB,1407
"သာဓုအင်ဆန်း(စ်)",1.4 kB,1407
"အော်ဆွေး",1.4 kB,1407
"မင်းလူဝတ္ထုတိုပေါင်းချုပ်",1.4 kB,1407
"ရင်ခုန်သူများ",1.4 kB,1407
"ယာမကာလုလင်",1.4 kB,1407
"မိညီမ",1.4 kB,1407
"နှုတ်ခမ်း၏ထောင့်စွန်းများ",1.4 kB,1407
"နှလုံးသား၃၈၀/၅၄",1.4 kB,1407
"ခိုးခိုးခစ်ခစ်",1.4 kB,1407
"ချစ်မြားရှင်အစချစ်မြားရှင်အဆုံး",1.4 kB,1407
"ချစ်ချစ်ချစ်၁၂၃",245.5 kB,245537
"ပန်းတွေနဲ့ဝေ",250.8 kB,250817
"ကွန်မန်ဒိုဘချို",1.4 kB,1407
"မြန်မာပြည်မြောက်ပိုင်း",1.2 MB,1225757
"မိုးညအိပ်မက်မြူ",335.3 kB,335281
"ဘောနက်ကြီးရဲဘက်စခန်းမှလူမိုက်ကြီးများ",516.7 kB,516718
"နဂါးနိုင်ဓါး",2.0 MB,2005990
"သစ်ရွက်အသေများပေါ်ကရက်စက်သောဂီတ",329.3 kB,329322
"ဖြစ်ပျက်ရှာပုံတော်ခရီးသည်",127.3 kB,127294
"၂၁ရာစုအတွက်သင်ခန်းစာ၂၁ခု",454.7 kB,454665
"အရှေ့မြို့ရိုးမှမိုးရေစက်များ",681.6 kB,681611
"မြေးသူကြီး",492.5 kB,492484
"မှုန်ရီဆိုင်းတိုင်းမြန်မာ",1.9 MB,1920360
"ဘိသိက်ဆရာဆားတောင်သောင်း",208.6 kB,208605
"လူသားတို့၏သမိုင်းအနှစ်ချုပ်",646.7 kB,646716
"လင်္ကာဒီပချစ်သူ",577.2 kB,577244
"PrincesintheDarkness,1970s",247.9 kB,247944
"TheGuysOfYangon,1930",1.3 MB,1288790
"မြန်မာသစ်",2.1 MB,2117934
